{"cameraMode":{"drawMode":0,"name":"Shaded","section":"Shading Mode"},"sceneLighting":true,"audioPlay":false,"sceneViewState":{"showFog":true,"showMaterialUpdate":false,"showSkybox":true,"showFlares":true,"showImageEffects":true,"showParticleSystems":true},"in2DMode":false,"pivot":{"x":16.95589828491211,"y":-27.317678451538087,"z":61.55156326293945},"rotation":{"x":-0.19227276742458344,"y":-0.05949245020747185,"z":0.011679038405418396,"w":-0.9794669151306152},"size":80.8217544555664,"orthographic":false}