{"cameraMode":{"drawMode":0,"name":"Shaded","section":"Shading Mode"},"sceneLighting":false,"audioPlay":false,"sceneViewState":{"showFog":true,"showMaterialUpdate":false,"showSkybox":true,"showFlares":true,"showImageEffects":true,"showParticleSystems":true},"in2DMode":false,"pivot":{"x":0.023730039596557618,"y":0.5840559005737305,"z":0.21615099906921388},"rotation":{"x":-0.07263071835041046,"y":-0.8995044827461243,"z":0.16398291289806367,"w":-0.39840447902679446},"size":7.9746317863464359,"orthographic":false}