{"cameraMode":{"drawMode":0,"name":"Shaded","section":"Shading Mode"},"sceneLighting":false,"audioPlay":false,"sceneViewState":{"showFog":true,"showMaterialUpdate":false,"showSkybox":true,"showFlares":true,"showImageEffects":true,"showParticleSystems":true},"in2DMode":false,"pivot":{"x":0.1276254653930664,"y":0.19387060403823853,"z":0.04002898931503296},"rotation":{"x":-0.23163387179374696,"y":-0.4180595278739929,"z":0.11113675683736801,"w":-0.8713326454162598},"size":2.628941535949707,"orthographic":false}