{"cameraMode":{"drawMode":0,"name":"Shaded","section":"Shading Mode"},"sceneLighting":false,"audioPlay":false,"sceneViewState":{"showFog":true,"showMaterialUpdate":false,"showSkybox":true,"showFlares":true,"showImageEffects":true,"showParticleSystems":true},"in2DMode":false,"pivot":{"x":-3.6178183555603029,"y":-1.0448222160339356,"z":1.0208245515823365},"rotation":{"x":-0.20094962418079377,"y":0.6581334471702576,"z":-0.18876780569553376,"w":-0.7006043791770935},"size":5.971786975860596,"orthographic":false}