{"cameraMode":{"drawMode":0,"name":"Shaded","section":"Shading Mode"},"sceneLighting":false,"audioPlay":false,"sceneViewState":{"showFog":true,"showMaterialUpdate":false,"showSkybox":true,"showFlares":true,"showImageEffects":true,"showParticleSystems":true},"in2DMode":false,"pivot":{"x":177.49453735351563,"y":161.37252807617188,"z":-117.11624908447266},"rotation":{"x":-0.37499815225601199,"y":0.09793738275766373,"z":0.03987757861614227,"w":0.9209747314453125},"size":166.76419067382813,"orthographic":false}