{"cameraMode":{"drawMode":0,"name":"Shaded","section":"Shading Mode"},"sceneLighting":false,"audioPlay":false,"sceneViewState":{"showFog":true,"showMaterialUpdate":false,"showSkybox":true,"showFlares":true,"showImageEffects":true,"showParticleSystems":true},"in2DMode":false,"pivot":{"x":-3.016753673553467,"y":-0.5810081958770752,"z":-2.252580165863037},"rotation":{"x":-0.08671599626541138,"y":0.8906171321868897,"z":-0.191527858376503,"w":-0.40323522686958315},"size":5.971786975860596,"orthographic":false}