{"cameraMode":{"drawMode":0,"name":"Shaded","section":"Shading Mode"},"sceneLighting":true,"audioPlay":false,"sceneViewState":{"showFog":true,"showMaterialUpdate":false,"showSkybox":true,"showFlares":true,"showImageEffects":true,"showParticleSystems":true},"in2DMode":false,"pivot":{"x":-19.473064422607423,"y":-10.380335807800293,"z":24.057342529296876},"rotation":{"x":-0.13193722069263459,"y":0.34675517678260805,"z":-0.04933486878871918,"w":-0.9273184537887573},"size":46.26296615600586,"orthographic":false}