{"cameraMode":{"drawMode":0,"name":"Shaded","section":"Shading Mode"},"sceneLighting":true,"audioPlay":false,"sceneViewState":{"showFog":true,"showMaterialUpdate":false,"showSkybox":true,"showFlares":true,"showImageEffects":true,"showParticleSystems":true},"in2DMode":false,"pivot":{"x":2.924304246902466,"y":-11.071141242980957,"z":-14.4986572265625},"rotation":{"x":-0.22794674336910249,"y":0.670390784740448,"z":-0.2287457436323166,"w":-0.6680508255958557},"size":61.29301834106445,"orthographic":false}