{"cameraMode":{"drawMode":0,"name":"Shaded","section":"Shading Mode"},"sceneLighting":false,"audioPlay":false,"sceneViewState":{"showFog":true,"showMaterialUpdate":false,"showSkybox":true,"showFlares":true,"showImageEffects":true,"showParticleSystems":true},"in2DMode":false,"pivot":{"x":0.5221157073974609,"y":-0.3603367805480957,"z":-0.05612039566040039},"rotation":{"x":-0.35292723774909975,"y":-0.5584752559661865,"z":0.2835661470890045,"w":-0.695081353187561},"size":3.0284230709075929,"orthographic":false}