{"cameraMode":{"drawMode":0,"name":"Shaded","section":"Shading Mode"},"sceneLighting":false,"audioPlay":false,"sceneViewState":{"showFog":true,"showMaterialUpdate":false,"showSkybox":true,"showFlares":true,"showImageEffects":true,"showParticleSystems":true},"in2DMode":false,"pivot":{"x":0.37739628553390505,"y":-0.32830095291137698,"z":0.37053820490837099},"rotation":{"x":-0.3842184841632843,"y":-0.37374183535575869,"z":0.17382270097732545,"w":-0.8261228799819946},"size":1.8284235000610352,"orthographic":false}